Name,Description,ID-LB,ARS,Eligibility Requirements,Legal Basis
Eingliederungszuschuss bei der Agentur für Arbeit beantragen,"Wenn Sie in Ihrem Unternehmen Menschen einstellen, die zu Beginn der Beschäftigung noch nicht die volle Arbeitsleistung erbringen, können Sie Zuschüsse zu den Lohnkosten beantragen.",B100019.LB.102730319,000000000000,"Sie wollen eine schwer in den Arbeitsmarkt zu vermittelnde Person beschäftigen. Bei der Arbeitnehmerin oder dem Arbeitnehmer ist anfänglich eine geringere Leistung als üblich zu erwarten. Der finanzielle Ausgleich durch den Eingliederungszuschuss ist notwendig, um die Arbeitnehmerin oder den Arbeitnehmer dauerhaft beruflich einzugliedern.",§§ 88 bis 92 Sozialgesetzbuch Drittes Buch (SGB III)<>https://www.gesetze-im-internet.de/sgb_3/__88.html
Mit Diagnosemaßnahmen für Menschen mit Behinderungen die berufliche Eignung prüfen,"Wenn Sie eine Behinderung haben, können Sie unterstützende Leistungen zur Teilhabe am Arbeitsleben erhalten. Vorab muss jedoch unter Umständen ihre berufliche Eignung festgestellt werden oder eine Arbeitserprobung erfolgen.",B100019.LB.102758156,000000000000,"Sie haben eine Behinderung und Ihr zuständiger Rehabilitationsträger ist die Bundesagentur für Arbeit. Ihre Aussichten am Arbeitsleben teilzuhaben oder wieder teilzuhaben sind wegen der Art oder Schwere Ihrer Behinderung nicht nur vorübergehend wesentlich verringert.  Oder: Ihnen droht eine Behinderung mit den gleichen beruflichen Folgen.   Die vorhandenen Erkenntnisse reichen noch nicht aus, um zu beraten und zu entscheiden, welche Förderung geeignet ist, um Ihre Teilhabe am Arbeitsleben zu ermöglichen. Sie benötigen Unterstützung bei der beruflichen Orientierung beziehungsweise ist es notwendig, Ihr individuelle Leistungspotenzial zu untersuchen und festzustellen.",§ 112 Absatz 2 Sozialgesetzbuch Drittes Buch (SGB III)<>https://www.gesetze-im-internet.de/sgb_3/__112.html || § 49 Absatz 4 Sozialgesetzbuch Neuntes Buch (SGB IX)<>https://www.gesetze-im-internet.de/sgb_9_2018/__49.html || § 65 Absatz 3 Sozialgesetzbuch Neuntes Buch (SGB IX)<>https://www.gesetze-im-internet.de/sgb_9_2018/__65.html || § 139 Absatz 1 Satz 1 Sozialgesetzbuch Drittes Buch (SGB III)<>https://www.gesetze-im-internet.de/sgb_3/__139.html
Darlehen in bestimmten akuten Notsituationen beantragen,"Wenn Sie Bürgergeld beziehen, können Sie auf Antrag in akuten Notsituationen ein Darlehen vom Jobcenter erhalten, wenn Sie einen eigentlich aus dem Regelbedarf zu deckendem Betrag nicht selbst aufbringen und Sie die Zahlung auch nicht aufschieben können.",B100019.LB.102716301,000000000000,"Damit Sie das Darlehen vom Jobcenter bekommen können, müssen Sie nachweisen, dass:  Sie einen akuten, einmaligen Bedarf haben, der seiner Art nach zu den alltäglichen Bedürfnissen gehört (Regelbedarf), Sie diesen Bedarf nicht durch die dafür vorgesehene Leistung (Bürgergeld) ausgleichen können und Sie kein Vermögen haben, Sie keine andere Möglichkeit haben, den Bedarf zu decken (zum Beispiel über Gebrauchtwarenlager oder Kleiderkammer) und, der Bedarf unabweisbar ist. Dies trifft zu,  wenn Sie ihn nicht aufschieben können und Sie den Bedarf nicht mit den nächsten Leistungen zur Deckung des Regelbedarfs ausgleichen können.","§ 24 Absatz 1 Sozialgesetzbuch Zweites Buch (SGB II)<>https://www.gesetze-im-internet.de/sgb_2/__24.html || § 37 Absatz 1 Sozialgesetzbuch Zweites Buch (SGB II)<>https://www.gesetze-im-internet.de/sgb_2/__37.html || § 42a Absätze 1, 2, 4 und 6 Sozialgesetzbuch Zweites Buch (SGB II)<>https://www.gesetze-im-internet.de/sgb_2/__42.html"
Verletztengeld von der gesetzlichen Unfallversicherung erhalten,"Wenn Sie wegen eines Arbeitsunfalls oder einer Berufskrankheit arbeitsunfähig sind, erhalten Sie Verletztengeld.",B100019.LB.582429,000000000000,"Sie erhalten Verletztengeld aus der gesetzlichen Unfallversicherung, wenn Sie aufgrund eines Versicherungsfalls arbeitsunfähig sind. Als Versicherungsfälle gelten Arbeits- und Wegeunfälle sowie Berufskrankheiten.",§ 45 Sozialgesetzbuch Siebtes Buch (SGB VII)<>https://www.gesetze-im-internet.de/sgb_7/__45.html || § 46 Sozialgesetzbuch Siebtes Buch (SGB VII)<>https://www.gesetze-im-internet.de/sgb_7/__46.html || § 47 Sozialgesetzbuch Siebtes Buch (SGB VII)<>https://www.gesetze-im-internet.de/sgb_7/__47.html || § 47a Sozialgesetzbuch Siebtes Buch (SGB VII)<>https://www.gesetze-im-internet.de/sgb_7/__47a.html || § 48 Sozialgesetzbuch Siebtes Buch (SGB VII)<>https://www.gesetze-im-internet.de/sgb_7/__48.html || § 52 Sozialgesetzbuch Siebtes Buch (SGB VII)<>https://www.gesetze-im-internet.de/sgb_7/__52.html || § 257 Sozialgesetzbuch Siebtes Buch (SGB VII)<>https://www.gesetze-im-internet.de/sgb_5/__257.html
Witwen- und Witwerrente für Hinterbliebene in der gesetzlichen Unfallversicherung erhalten,"Als Witwe, Witwer oder Teil einer Lebenspartnerschaft mit der verstorbenen Person können Sie von der gesetzlichen Unfallversicherung eine Rente erhalten.",B100019.LB.582441,000000000000,"Sie haben unter folgenden Voraussetzungen einen Anspruch auf die Witwen- und Witwerrente für Hinterbliebene:  Tod der (Ehe-)Partnerin oder des (Ehe-)Partners infolge eines Versicherungsfalles:  Arbeitsunfall, Wegeunfall oder Berufskrankheit   Sie haben schon davor in einer rechtsgültigen Ehe oder Lebenspartnerschaft nach dem Lebenspartnerschaftsgesetz gelebt.  Sie haben in der Regel keinen Anspruch, wenn  Sie die Ehe oder Lebenspartnerschaft erst nach dem Versicherungsfall geschlossen haben und der Tod innerhalb des ersten Jahres dieser Ehe oder Lebenspartnerschaft eingetreten ist.",§ 65 Sozialgesetzbuch Siebtes Buch (SGB VII)<>https://www.gesetze-im-internet.de/sgb_7/__65.html
"Zuschuss des Jobcenters zur Praktikumsvergütung für junge Menschen beantragen, die im Rahmen einer Einstiegsqualifizierung auf eine betriebliche Berufsausbildung vorbereitet werden sollen","Wenn Sie junge Menschen über ein bezahltes Praktikum an eine Berufsausbildung in Ihrem Betrieb heranführen möchten, können Sie einen Zuschuss zur Praktikumsvergütung beantragen.",B100019.LB.102703394,000000000000,"Das Praktikum muss:  zwischen 6 und 12 Monate dauern. vergütet und sozialversichert sein.   Die Praktikantin oder der Praktikant muss zum förderfähigen Personenkreis gehören. Dies muss durch das Jobcenter geprüft werden. Die Praktikantin oder der Praktikant darf vorher noch nicht in Ihrem Unternehmen beschäftigt gewesen sein. Die Einstiegsqualifizierung darf nicht im Betrieb der Ehegatten, Lebenspartnerin oder Lebenspartner oder Eltern stattfinden.  Bei Berufsschulpflicht muss die Praktikantin oder der Praktikant am Berufsschulunterricht teilnehmen und in der entsprechenden Fachklasse angemeldet sein.",§ 16 Absatz 1 Nummer 3 Sozialgesetzbuch Zweites Buch (SGB II)<>https://www.gesetze-im-internet.de/sgb_2/__16.html || § 54a Sozialgesetzbuch Drittes Buch (SGB III)<>https://www.gesetze-im-internet.de/sgb_3/__54a.html
Übergangsgeld aus der gesetzlichen Unfallversicherung bei beruflicher Reha erhalten,"Wenn Sie infolge eines Arbeits- oder Wegeunfalles oder einer anerkannten Berufskrankheit an qualifizierten Maßnahmen zur Teilhabe am Arbeitsleben (einer beruflichen Reha), teilnehmen und kein Arbeitsentgelt beziehen, erhalten Sie Übergangsgeld.",B100019.LB.582422,000000000000,Bei Ihnen liegt ein Arbeits oder Wegeunfall oder eine anerkannte Berufskrankheit vor. Sie nehmen an einer qualifizierten Maßnahme zur Teilhabe am Arbeitsleben teil (berufliche Reha).,§ 49 Sozialgesetzbuch Siebtes Buch (SGB VII)<>https://www.gesetze-im-internet.de/sgb_7/__49.html || § 50 Sozialgesetzbuch Siebtes Buch (SGB VII)<>https://www.gesetze-im-internet.de/sgb_7/__50.html || § 52 Sozialgesetzbuch Siebtes Buch (SGB VII)<>https://www.gesetze-im-internet.de/sgb_7/__52.html || § 66 Sozialgesetzbuch Neuntes Buch (SGB IX)<>https://www.gesetze-im-internet.de/sgb_9_2018/__66.html
Saison-Kurzarbeitergeld beantragen,"Wenn Ihr Betrieb dem Baugewerbe oder einem gleichgestellten Betrieb angehört und Sie in der sogenannten Schlecht-Wetter-Zeit Arbeitsausfälle haben, können Sie den Verdienstausfall Ihrer Beschäftigten durch Saison-Kurzarbeitergeld teilweise ausgleichen.",B100019.LB.100372563,000000000000,"Das Saison-Kurzarbeitergeld kann beantragt werden bei vorübergehendem und nicht vermeidbarem Arbeitsausfall  aus wirtschaftlichen Gründen oder aus witterungsbedingten Gründen oder in Folge eines unabwendbaren Ereignisses.  Betriebliche Voraussetzungen:  Ihr Betrieb gehört dem Baugewerbe, Gerüstbauerhandwerk, Dachdeckerhandwerk oder dem Garten- und Landschaftsbau an. Ihr Betrieb oder die Betriebsabteilung beschäftigt mindestens 1 Arbeitnehmerin oder Arbeitnehmer.  Persönliche Voraussetzungen:  Sie haben sozialversicherungspflichtig Beschäftigte, die nicht gekündigt sind und mit denen auch kein Aufhebungsvertrag geschlossen wurde",§ 101 Sozialgesetzbuch Drittes Buch (SGB III)<>https://www.gesetze-im-internet.de/sgb_3/__101.html
Förderung für Maßnahmen zur Aktivierung und beruflichen Eingliederung vom Jobcenter bekommen,"Wenn Sie Leistungen der Grundsicherung beziehen, können Sie durch Maßnahmen unterstützt werden, die Ihnen den beruflichen (Wieder-)Einstieg erleichtern.",B100019.LB.102730340,000000000000,Sie erhalten Leistungen der Grundsicherung. Die Notwendigkeit der Unterstützungsleistung wurde im Gespräch mit Ihrer Integrationsfachkraft festgestellt. Die Teilnahme wurde vor Maßnahmebeginn durch das Jobcenter genehmigt.,§ 16 Sozialgesetzbuch Zweites Buch (SGB II)<>https://www.gesetze-im-internet.de/sgb_2/__16.html || § 45 Sozialgesetzbuch Drittes Buch (SGB III)<>https://www.gesetze-im-internet.de/sgb_3/__45.html
Freie Förderung SGB II beantragen,"Wenn Sie über die sonstigen gesetzlich geregelten Förderleistungen zur Eingliederung in Arbeit hinaus noch weitergehende, arbeitsmarktbezogene Förderbedarfe haben, können Sie im Einzelfall Leistungen der sogenannten Freien Förderung SGB II beantragen.",B100019.LB.102713893,000000000000,"Sie können Leistungen der Freien Förderung SGB II erhalten, wenn  Sie hierfür einen Antrag stellen Sie erwerbsfähige Leistungsberechtige oder Leistungsberechtigter im Sinne des SGB II sind die sonstigen gesetzlichen Förderleistungen zur Eingliederung in Arbeit (SGB III oder SGB II) alleine nicht ausreichen, um die gleichen Inhalte in der gleichen Weise zu fördern. die Freie Förderung SGB II die sonstigen gesetzlichen Förderleistungen zur Eingliederung in Arbeit nicht umgeht oder aufstockt. für die Förderung kein anderer Sozialleistungsträger (zum Beispiel Ihre Kommune oder Kranken oder Rentenversicherung) zuständig ist. Das ist zum Beispiel der Fall bei  kommunalen Eingliederungsleistungen (zum Beispiel Kinderbetreuung, Schuldnerberatung) Sprachförderungen des Bundesamts für Migration und Flüchtlinge Leistungen der Kinder- und Jugendhilfe Leistungen der Kranken- oder Rentenversicherung",§ 16f Sozialgesetzbuch Zweites Buch (SGB II)<>https://www.gesetze-im-internet.de/sgb_2/__16f.html
Ausbildungsgeld beantragen,"Als Mensch mit Behinderungen können Sie zur Sicherung des Lebensunterhaltes Ausbildungsgeld erhalten, wenn Sie an bestimmten Bildungsmaßnahmen teilnehmen.",B100019.LB.574711,000000000000,"Sie haben eine Behinderung und Ihr zuständiger Rehabilitationsträger ist die Bundesagentur für Arbeit. Sie werden an einer der folgenden Maßnahmen teilnehmen:  (erste) berufliche Ausbildung, berufsvorbereitende Bildungsmaßnahme einschließlich einer Grundausbildung, individuelle betriebliche Qualifizierung im Rahmen der Unterstützten Beschäftigung, Eingangsverfahren oder Berufsbildungsbereich in einer Werkstatt für behinderte Menschen oder bei einem anderen Leistungsanbieter.   Sie haben keinen Anspruch auf Übergangsgeld.",§§ 122 bis 126 Sozialgesetzbuch Drittes Buch (SGB III)<>https://www.gesetze-im-internet.de/sgb_3/index.html
Arbeitslosenbeihilfe für frühere Soldaten auf Zeit beantragen,"Wenn Sie als früherer Soldat beziehungsweise frühere Soldatin auf Zeit nach Beendigung Ihres Wehrdienstes arbeitslos werden, können Sie Arbeitslosenbeihilfe beantragen.",B100019.LB.103356019,000000000000,"Sie haben Anspruch auf Arbeitslosenbeihilfe, wenn Sie mindestens 2 Jahre in einem Dienstverhältnis gestanden haben.  Weitere Voraussetzungen sind, dass  Sie arbeitslos sind und sich mit einem elektronischen Identitätsnachweis elektronisch im Fachportal der Bundesagentur für Arbeit oder persönlich bei der zuständigen Agentur für Arbeit arbeitslos gemeldet haben.   Arbeitslosigkeit liegt vor, wenn Sie nicht in einem Beschäftigungsverhältnis stehen oder nur eine Erwerbstätigkeit in einem Umfang von weniger als 15 Stunden wöchentlich ausüben. Darüber hinaus müssen Sie sich bemühen, die eigene Beschäftigungslosigkeit zu beenden und den Vermittlungsbemühungen der Agentur für Arbeit zur Verfügung stehen, das bedeutet in der Lage und bereit sein, eine versicherungspflichtige Beschäftigung unter arbeitsmarktüblichen Bedingungen aufzunehmen.  Die Arbeitslosmeldung muss elektronisch im Fachportal der Bundesagentur für Arbeit oder persönlich bei der zuständigen Agentur für Arbeit erfolgen. Mit der Arbeitslosmeldung gilt das Arbeitslosengeld als beantragt.",§ 86a Soldatenversorgungsgesetz (SVG)<>https://www.gesetze-im-internet.de/svg/__86a.html || § 88a Soldatenversorgungsgesetz (SVG)<>https://www.gesetze-im-internet.de/svg/__88a.html || §§ 136 bis 161 Sozialgesetzbuch Drittes Buch (SGB III)<>https://www.gesetze-im-internet.de/sgb_3/__136.html
Gleichstellung behinderter Menschen mit schwerbehinderten Menschen bewilligen,Als Mensch mit Behinderungen können Sie unter bestimmten Voraussetzungen schwerbehinderten Menschen gleichgestellt werden.,B100019.LB.102821007,000000000000,"Sie sind ein Mensch mit Behinderungen und haben einen Grad der Behinderung von weniger als 50, aber wenigstens 30 Sie wohnen rechtmäßig in Deutschland oder Sie halten sich rechtmäßig in Deutschland auf oder Sie sind rechtmäßig auf einem Arbeitsplatz in Deutschland beschäftigt. Sie können wegen Ihrer Behinderung einen geeigneten Arbeitsplatz nicht finden oder Ihr Arbeitsplatz ist wegen Ihrer Behinderung gefährdet. Anhaltspunkte für eine behinderungsbedingte Gefährdung des Arbeitsplatzes können zum Beispiel sein:  Wiederholte/häufige behinderungsbedingte Fehlzeiten Dauernde verminderte Belastbarkeit Behinderungsbedingte eingeschränkte Mobilität Dauerhaft notwendige Unterstützung durch Kollegen Erkennbare Reaktionen des Arbeitgebers auf die behinderungsbedingten Einschränkungen (zum Beispiel Abmahnungen).   Für behinderte Jugendliche und junge Erwachsene gibt es während der Zeit ihrer Berufsausbildung oder einer beruflichen Orientierung eine Sonderregelung: Sie müssen Ihre Gleichstellung nicht beantragen, denn sie werden bei Vorliegen der Voraussetzungen kraft Gesetz automatisch gleichgestellt. Diese Gleichstellung gilt aber nur für Leistungen des Integrationsamtes im Rahmen der beruflichen Orientierung und der Berufsausbildung (Prämien und Zuschüsse zu den Kosten der Berufsausbildung).","§ 2 Absatz 3 Sozialgesetzbuch Neuntes Buch (SGB IX)<>https://www.gesetze-im-internet.de/sgb_9_2018/__2.html || § 151 Absatz 2, 3 und 4 Sozialgesetzbuch Neuntes Buch (SGB IX)<>https://www.gesetze-im-internet.de/sgb_9_2018/__151.html"
Arbeitslosengeld beantragen,"Wenn Sie Ihre Arbeit oder Ihren Ausbildungsplatz verlieren, können Sie Arbeitslosengeld beantragen, damit Sie finanziell abgesichert sind.",B100019.LB.576842,000000000000,"Sie haben Anspruch auf Arbeitslosengeld, wenn   Sie arbeitslos sind, das heißt,   Sie stehen nicht in einem Beschäftigungsverhältnis oder Sie üben nur eine Erwerbstätigkeit in einem Umfang von weniger als 15 Stunden wöchentlich aus und Sie stehen den Vermittlungsbemühungen der Agentur für Arbeit zur Verfügung. Sie sind also in der Lage und bereit, eine versicherungspflichtige Beschäftigung unter arbeitsmarktüblichen Bedingungen aufzunehmen;   Sie sich  elektronisch mit einem elektronischen Identitätsnachweis, zum Beispiel Personalausweis mit Online-Ausweisfunktion, im eServices-Portal der Bundesagentur für Arbeit oder persönlich bei der zuständigen Agentur für Arbeit arbeitslos gemeldet haben. Mit Ihrer persönlichen Arbeitslosmeldung gilt das Arbeitslosengeld als beantragt. Zusätzlich muss noch ein Antragsformular ausgefüllt werden;   Sie innerhalb der letzten 30 Monate vor der Arbeitslosmeldung (der sogenannten Rahmenfrist) mindestens 12 Monate versicherungspflichtig waren.  Es werden auch Zeiten berücksichtigt, in denen Sie wegen des Bezuges von Entgeltersatzleistungen, wie zum Beispiel Krankengeld, oder - unter weiteren Voraussetzungen - zum Beispiel wegen der Pflege eines Angehörigen oder der Erziehung eines Kindes versicherungspflichtig zur Arbeitsförderung waren.  Als Versicherungszeit können auch Zeiten berücksichtigt werden, in denen ein Antragspflichtversicherungsverhältnis (sogenannte freiwillige Weiterversicherung) vorlag, zum Beispiel  weil Sie eine selbständige Tätigkeit aufgenommen haben.  In Sonderfällen werden auch Zeiten berücksichtigt, in denen Sie Entwicklungsdienst nach dem Entwicklungshelfergesetz geleistet haben oder Sie auf der Grundlage eines Sekundierungsvertrages im Ausland tätig waren.",§§ 136 bis 164 Sozialgesetzbuch Drittes Buch (SGB III)<>https://www.gesetze-im-internet.de/sgb_3 || § 323 Sozialgesetzbuch Drittes Buch (SGB III)<>https://www.gesetze-im-internet.de/sgb_3/__323.html || § 327 Sozialgesetzbuch Drittes Buch (SGB III)<>https://www.gesetze-im-internet.de/sgb_3/__327.html || § 337 Sozialgesetzbuch Drittes Buch (SGB III)<>https://www.gesetze-im-internet.de/sgb_3/__337.html
Zuschüsse für die Ausbildung und Beschäftigung von Menschen mit Behinderungen bei der Agentur für Arbeit beantragen,"Wenn Sie Menschen mit Behinderungen sowie schwerbehinderte Menschen betrieblich aus- oder weiterbilden, können Sie einen Zuschuss zur Ausbildungsvergütung erhalten. Wenn Sie schwerbehinderte Menschen im Anschluss fest einstellen, können Sie einen Lohnzuschuss erhalten.",B100019.LB.102711789,000000000000,"Voraussetzung für den Zuschuss zur Ausbildungsvergütung ist,  dass eine Aus oder Weiterbildung ohne diese Förderung nicht zu erreichen ist, dass eine Eignung für den angestrebten Ausbildungs beziehungsweise Weiterbildungsberuf vorliegt, dass ein unterzeichneter Aus oder Weiterbildungsvertrag mit dem Betrieb vorliegt, dass Ausbildungsvergütung, Lohn oder Gehalt gezahlt wird, bei Menschen mit Behinderungen die Bundesagentur für Arbeit der zuständige Rehabilitationsträger ist.  Voraussetzung für den Eingliederungszuschuss ist,  dass ein Arbeitsvertrag im Anschluss an eine erfolgreich abgeschlossene betriebliche Aus oder Weiterbildung vorliegt und dass diese Aus- oder Weiterbildung mit einem Ausbildungszuschuss für schwerbehinderte Menschen gefördert wurde.",§ 73 Sozialgesetzbuch Drittes Buch (SGB III)<>https://www.gesetze-im-internet.de/sgb_3/__73.html || § 16 Sozialgesetzbuch Zweites Buch (SGB II)<>https://www.gesetze-im-internet.de/sgb_2/__16.html
Bildungsgutschein beantragen,"Wenn Sie arbeitslos sind und sich weiterbilden möchten, können Sie unter bestimmten Voraussetzungen einen Bildungsgutschein bekommen. Mit einem Bildungsgutschein kann die Bundesagentur für Arbeit die Kosten Ihrer beruflichen Weiterbildung übernehmen. Bevor Sie einen Bildungsgutschein bekommen, prüft die Arbeitsagentur mit Ihnen gemeinsam, ob eine Weiterbildung für Sie notwendig ist. Einen Rechtsanspruch auf einen Bildungsgutschein haben Sie nicht. Sie können den Bildungsgutschein bei einer Bildungseinrichtung Ihrer Wahl einlösen, wenn sie für die Weiterbildungsförderung zugelassen ist. Auch die Weiterbildungsmaßnahme selbst muss zugelassen sein und zum Bildungsgutschein passen. Der Bildungsgutschein legt unter anderem fest:  das Bildungsziel, die Dauer bis zum Erreichen des Bildungsziels, die Inhalte der Qualifizierung, den regionalen Geltungsbereich und die Gültigkeitsdauer, in der der Bildungsgutschein eingelöst werden und die Teilnahme begonnen haben muss.  Der Bildungsgutschein gilt grundsätzlich an Ihrem Wohnort und an Orten, die Sie täglich von zu Hause aus erreichen können. Die Agentur für Arbeit kann auch die nötigen Fahrkosten übernehmen. Wenn Ihre Arbeitslosigkeit auch ohne Weiterbildung beendet werden kann oder es andere, besser geeignete Instrumente gibt, wird Ihnen Ihre Arbeitsagentur andere Möglichkeiten vorschlagen. Wenn Ihnen die Agentur für Arbeit während des Kurses Vermitt-lungsangebote macht, müssen Sie diese wahrnehmen, auch wenn Sie eine Weiterbildung absolvieren. Auch wenn Sie Anspruch auf Arbeitslosengeld II haben, können Sie auch nach einem Bildungsgutschein fragen. Ansprechpartner ist dann das Jobcenter. Ein Rechtsanspruch darauf besteht jedoch nicht.",B100019.LB.575543,000000000000,"Sie müssen in der Regel mindestens drei Jahre berufstätig gewesen sein und an einer Beratung durch die Agentur für Arbeit teilgenommen haben. Ein Bildungsgutschein kann Ihnen dann ausgestellt werden, wenn  die Weiterbildung notwendig ist, um Ihre Arbeitslosigkeit zu beenden oder eine drohende Arbeitslosigkeit abzuwenden, die Weiterbildung im Gespräch als die ""am besten geeignete Maßnahme"" festgelegt wurde, die Weiterbildung mit großer Wahrscheinlichkeit Ihre Arbeitslosigkeit vermeidet oder beendet, wenn Sie in ""erheblichem Umfang"" selbst versucht haben, Ihre Arbeitslosigkeit zu beenden, die Bildungsmaßnahme und der Bildungsträger zugelassen sind und Sie mit dem von Ihnen gewählten Kurs das Bildungsziel erreichen können, das Sie mit Ihrer Arbeitsagentur vorher festgelegt haben.",§ 81 Absatz 4 Sozialgesetzbuch Drittes Buch (SGB III)<>https://www.gesetze-im-internet.de/sgb_3/__81.html
"Förderung aus dem ESF Plus-Programm ""EhAP Plus - Eingliederung hilft gegen Ausgrenzung der am stärksten benachteiligten Personen"" beantragen","Das ESF Plus-Bundesprogramm fördert Vorhaben, die die Lebenssituation und soziale Eingliederung von besonders benachteiligten Personen verbessern.",B100019.LB.103963660,000000000000,"Sie können einen Antrag stellen  als juristische Person des privaten und öffentlichen Rechts, als rechtsfähige Personengesellschaft, beispielsweise als  Kommune, Träger der freien Wohlfahrtspflege, sonstiger gemeinnütziger Träger, Forschungsinstitut, Verband und Unternehmen.    Natürliche Personen sind von der Förderung ausgeschlossen. Beachten Sie folgende Voraussetzungen:  Bei der Planung müssen Sie die bereichsübergreifenden Grundsätze zur Gleichstellung der Geschlechter, Antidiskriminierung sowie die ökologische Dimension der Nachhaltigkeit beachten. Sie können die Zielgruppen im EhAP Plus in den Einzelzielen 1 und 2 auch über arbeitsmarktbezogene Inhalte informieren und beraten. Dabei werden keine eigenen Maßnahmen oder direkte Vermittlungen in Arbeit oder Ausbildung sowie zu konkreten Förderleistungen gemäß Sozialgesetzbuch (SGB) II beziehungsweise III gefördert. Eine direkte Heranführung der Zielgruppen an den Arbeitsmarkt ist nicht möglich.","Artikel 4 Absatz 1 Buchstabe i) Verordnung (EU) 2021/1057<>https://eur-lex.europa.eu/legal-content/EN/TXT/?uri=CELEX%3A32021R1057 || Verordnung (EU) 2021/1060<>https://eur-lex.europa.eu/legal-content/EN/TXT/?uri=CELEX%3A32021R1060 || § 23 Bundeshaushaltsordnung (BHO)<>https://www.gesetze-im-internet.de/bho/__23.html || § 44 Bundeshaushaltsordnung (BHO) Absatz 1<>https://www.gesetze-im-internet.de/bho/__44.html || in Verbindung mit Allgemeine Verwaltungsvorschriften (VV) Nummer 4 zu § 44 Bundeshaushaltsordnung (BHO)<>https://www.verwaltungsvorschriften-im-internet.de/bsvwvbund_14032001_DokNr20110981762.htm || Förderrichtlinie zum ESF-Programm ""Eingliederung hilft gegen Ausgrenzung der am stärksten benachteiligten Personen"" vom 20.04.2022 (BAnz AT 25.04.2022 B3)<>https://www.bundesanzeiger.de/pub/de/amtlicher-teil?9=null&year=2022&edition=BAnz+AT+25.04.2022"
Einstiegsgeld beantragen,"Wenn Sie Arbeitslosengeld (ALG) II bekommen und Sie sich selbstständig machen wollen oder eine sozialversicherungspflichtige Tätigkeit aufnehmen, können Sie unter bestimmten Voraussetzungen Einstiegsgeld erhalten.",B100019.LB.102713860,000000000000,"Sie erhalten vor Aufnahme Ihrer neuen Tätigkeit Arbeitslosengeld (ALG) II. Arbeitslosigkeit ist dabei keine Voraussetzung. Sie müssen den Antrag vor der tatsächlichen Aufnahme der Erwerbstätigkeit bei Ihrem Jobcenter stellen. Ihre neue Selbstständigkeit oder Ihre neue Beschäftigung ist geeignet, dass Sie perspektivisch Ihre Hilfebedürftigkeit überwinden. Das Einstiegsgeld ist für Ihre Eingliederung in den allgemeinen Arbeitsmarkt erforderlich. Ihre Erwerbstätigkeit umfasst mindestens 15 Stunden pro Woche.  Zusätzliche Voraussetzungen bei Selbständigkeit/ Existenzgründung:  Positive Bewertung des Jobcenters über  Ihre persönliche Eignung, die wirtschaftliche Tragfähigkeit Ihrer selbständigen Tätigkeit",§16b Sozialgesetzbuch Drittes Buch (SGB III)<>https://www.gesetze-im-internet.de/sgb_2/__16b.html || §16 Sozialgesetzbuch Drittes Buch (SGB III)<>https://www.gesetze-im-internet.de/sgb_2/__16.html
Beihilfe für Hinterbliebene in der landwirtschaftlichen Unfallversicherung erhalten,"Als Hinterbliebene oder Hinterbliebener können Sie von der landwirtschaftlichen Unfallversicherung Beihilfe erhalten. Das ist möglich, wenn Ihre Angehörige oder Ihr Angehöriger nicht an den Folgen eines Versicherungsfalls verstorben ist.",B100019.LB.102780584,000000000000,"Anspruch auf Hinterbliebenenbeihilfe besteht, wenn:  eine versicherte Person mit Verletztenrentenbezug nach einer Minderung der Erwerbsfähigkeit (MdE) in Höhe von mindestens 50 Prozent zum Todeszeitpunkt bezogen hat und der Tod der versicherten Person nicht Folge eines Arbeitsunfalls oder einer Berufskrankheit ist und somit kein Anspruch auf Hinterbliebenenrente aus der gesetzlichen Unfallversicherung besteht.  zusätzliche Voraussetzungen für Witwen, Witwer und hinterbliebene, eingetragene Lebenspartnerinnen und -partnern:  Die Witwer beziehungsweise Witweneigenschaft liegt vor. Es war keine Versorgungsehe.  zusätzliche Voraussetzungen für Vollwaisen:   Es besteht ein angenommener Waisenrentenanspruch (das heißt, die Vollwaise hätte bei Tod der versicherten Person infolge eines Versicherungsfalls in der gesetzlichen Unfallversicherung Anspruch auf Waisenrente). Die Vollwaise hat zum Todeszeitpunkt mit der verstorbenen Person zusammengelebt. Die Vollwaise wurde überwiegend von der verstorbenen Person unterhalten.  Voraussetzungen für laufende Beihilfe: Ihre Angehörige oder Ihr Angehöriger bezog zum Todeszeitpunkt eine oder mehrere Renten aus der landwirtschaftlichen Unfallversicherung, die  gegebenenfalls zusammen mit anderen Renten der gesetzlichen Unfallversicherung eine MdE in Höhe von 80 Prozent erreichen, mindestens 10 Jahre bezogen wurde(n) und hierdurch ist eine mindestens 10-prozentige Einbuße in den Hinterbliebenenleistungen der gesetzlichen Rentenversicherung nachweisbar.",§ 71 Siebtes Buch Sozialgesetzbuch (SGB VII)<>https://www.gesetze-im-internet.de/sgb_7/__71.html
Grundausbildung für Menschen mit hochgradigen Seh- oder Hörbehinderungen beantragen,"Wenn bei Ihnen eine hochgradige Seh- oder Hörbehinderung eingetreten ist, müssen Sie erst lernen, mit der neuen Situation umzugehen. Mit einer Grundausbildung können Sie spezielle Fertigkeiten erlernen, die Sie im Beruf und im Alltag brauchen.",B100019.LB.102717659,000000000000,"Sie haben eine hochgradige Seh oder Hörbehinderung oder Ihnen droht eine solche Behinderung. Ihr zuständiger Rehabilitationsträger ist die Bundesagentur für Arbeit. Ihre Aussichten am Arbeitsleben teilzuhaben oder wieder teilzuhaben sind wegen Art und Schwere Ihrer Behinderung nicht nur vorübergehend wesentlich gemindert und Sie brauchen deshalb Hilfen zur Teilhabe am Arbeitsleben. Sie sind bereit, sich beruflich bilden oder auf andere Weise beruflich eingliedern zu lassen.",§ 112 Sozialgesetzbuch Drittes Buch (SGB III)<>https://www.gesetze-im-internet.de/sgb_3/__112.html || § 117 Absatz 1 Sozialgesetzbuch Drittes Buch (SGB III)<>https://www.gesetze-im-internet.de/sgb_3/__117.html
"Zuschuss der Agentur für Arbeit zur Praktikumsvergütung für junge Menschen beantragen, die im Rahmen einer Einstiegsqualifizierung auf eine betriebliche Berufsausbildung vorbereitet werden sollen","Wenn Sie junge Menschen über ein bezahltes Praktikum an eine Berufsausbildung in Ihrem Betrieb heranführen möchten, können Sie einen Zuschuss zur Praktikumsvergütung beantragen.",B100019.LB.102703395,000000000000,"Das Praktikum muss:  zwischen 6 und 12 Monate dauern. vergütet und sozialversichert sein.   Die Praktikantin oder der Praktikant muss zum förderfähigen Personenkreis gehören. Dies muss durch die Agentur für Arbeit geprüft werden. Die Praktikantin oder der Praktikant darf vorher noch nicht in Ihrem Unternehmen beschäftigt gewesen sein. Die Einstiegsqualifizierung darf nicht im Betrieb der Ehegatten, Lebenspartnerin oder Lebenspartner oder Eltern stattfinden.  Bei Berufsschulpflicht muss die Praktikantin oder der Praktikant am Berufsschulunterricht teilnehmen und in der entsprechenden Fachklasse angemeldet sein.",§ 54a Sozialgesetzbuch Drittes Buch (SGB III)<>https://www.gesetze-im-internet.de/sgb_3/__54a.html
Krankengeld beantragen für Begleitperson bei stationärer Behandlung Menschen mit Behinderung,"Als Begleitperson eines stationär behandelten Menschen mit Behinderung können Sie Krankengeld erhalten. Das Krankengeld ersetzt Ihnen den Verdienstausfall, der infolge der Begleitung entsteht.",B100019.LB.103817036,000000000000,"Sie und die von Ihnen begleitete Person mit Behinderung sind gesetzlich krankenversichert. Die zu begleitende Person wird stationär im Krankenhaus behandelt. Die stationäre Mitaufnahme als Begleitperson ist medizinisch notwendig. Gleichgestellt ist eine ganztägige Begleitung, das heißt, die Zeit Ihrer Anwesenheit im Krankenhaus beträgt zusammen mit Ihrer Anreise- und Abreisezeit mindestens 8 Stunden. Sie haben einen Verdienstausfall. Sie sind eine nahe angehörige Person oder Teil des engsten Umfelds. Die zu begleitende Person bezieht Leistungen der Eingliederungshilfe. Sie erhalten kein Krankengeld von der Krankenkasse, wenn Sie den Menschen mit Behinderung zum Beispiel als persönliche Assistenz begleiten und dafür ein Entgelt erhalten. Begleiten Sie den Menschen mit Behinderung im Rahmen der Eingliederungshilfe, werden die Kosten von den Trägern der Eingliederungshilfe übernommen.",§ 44b Sozialgesetzbuch Fünftes Buch (SGB V)<>https://www.gesetze-im-internet.de/sgb_5/__44b.html || § 8 Zweites Gesetz über die Krankenversicherung der Landwirte (KVLG 1989)<>https://www.gesetze-im-internet.de/kvlg_1989/__8.html
Leistungen zur sozialen Teilhabe in der gesetzlichen Unfallversicherung,"Wenn infolge eines Arbeits- oder Wegeunfalles oder einer anerkannten Berufskrankheit Ihre gleichberechtigte soziale Teilhabe gefährdet ist, können Sie Leistungen zur sozialen Teilhabe erhalten.",B100019.LB.582379,000000000000,"Durch einen Arbeits- oder Wegeunfall oder eine anerkannte Berufskrankheit ist Ihre gleichberechtigte soziale Teilhabe eingeschränkt. Die Voraussetzungen für Leistungen zur sozialen Teilhabe sind jedoch abhängig von der jeweiligen Leistungsart. Sollten Sie hier spezielle Fragen zu einzelnen Leistungen haben, kontaktieren Sie bitte Ihre zuständige Berufsgenossenschaft oder Unfallkasse.",§ 39 Sozialgesetzbuch Siebtes Buch (SGB VII)<>https://www.gesetze-im-internet.de/sgb_7/__39.html || § 28 Sozialgesetzbuch Neuntes Buch (SGB IX)<>https://www.gesetze-im-internet.de/sgb_9_2018/__28.html || § 75 Sozialgesetzbuch Neuntes Buch (SGB IX)<>https://www.gesetze-im-internet.de/sgb_9_2018/__75.html || § 76 Sozialgesetzbuch Neuntes Buch (SGB IX)<>https://www.gesetze-im-internet.de/sgb_9_2018/__76.html
Waisenrente von der gesetzlichen Unfallversicherung erhalten,"Wenn Ihr Elternteil infolge eines Versicherungsfalls gestorben ist, erhalten Sie unter bestimmten Voraussetzungen eine Waisenrente von der gesetzlichen Unfallversicherung.",B100019.LB.582435,000000000000,"Sie erhalten die Waisenrente, wenn die Person infolge eines Versicherungsfalls gestorben ist. Dazu gehören Arbeitsunfälle, Unfälle auf dem Arbeitsweg und Berufskrankheiten. Sie erhalten die Waisenrente als  leibliches Kind, Stiefkind oder Pflegekind, wenn Sie im Haushalt der verstorbenen Person gelebt haben und dort versorgt und betreut wurden und als Enkel oder Geschwisterteil, wenn Sie im Haushalt der verstorbenen Person gelebt haben und dort versorgt und betreut wurden. Sie können zudem die Waisenrente erhalten, wenn die verstorbene Person überwiegend für Ihren Lebensunterhalt aufgekommen ist.  Unter diesen Voraussetzungen erhalten Sie die Waisenrente auch dann, wenn Sie 18 bis unter 27 Jahre alt sind:  Sie befinden sich in Schul- oder Berufsausbildung oder Sie können wegen einer körperlichen, geistigen oder seelischen Behinderung nicht selbst für Ihren Unterhalt aufkommen oder Sie befinden sich in einer Übergangszeit von höchstens 4 Kalendermonaten  zwischen einem Ausbildungsabschnitt und dem nächsten Ausbildungsabschnitt oder der Ableistung des gesetzlichen Wehr- oder Zivildienstes oder der Ableistung eines freiwilligen Dienstes.",§ 67 Sozialgesetzbuch Siebtes Buch (SGB VII)<>https://www.gesetze-im-internet.de/sgb_7/__67.html || § 68 Sozialgesetzbuch Siebtes Buch (SGB VII)<>https://www.gesetze-im-internet.de/sgb_8/__68.html || § 70 Sozialgesetzbuch Siebtes Buch (SGB VII)<>https://www.gesetze-im-internet.de/sgb_8/__70.html
Zuschüsse für die Ausbildung und Beschäftigung von Menschen mit Behinderungen beim Jobcenter beantragen,"Wenn Sie Menschen mit Behinderungen sowie schwerbehinderte Menschen betrieblich aus- oder weiterbilden, können Sie einen Zuschuss zur Ausbildungsvergütung erhalten. Wenn Sie schwerbehinderte Menschen im Anschluss fest einstellen, können Sie einen Lohnzuschuss erhalten.",B100019.LB.102711788,000000000000,"Voraussetzung für den Zuschuss zur Ausbildungsvergütung ist,  dass eine Aus oder Weiterbildung ohne diese Förderung nicht zu erreichen ist, dass eine Eignung für den angestrebten Ausbildungs beziehungsweise Weiterbildungsberuf vorliegt, dass ein unterzeichneter Aus oder Weiterbildungsvertrag mit dem Betrieb vorliegt, dass Ausbildungsvergütung, Lohn oder Gehalt gezahlt wird, bei Menschen mit Behinderungen die Bundesagentur für Arbeit der zuständige Rehabilitationsträger ist.  Voraussetzung für den Eingliederungszuschuss ist,  dass ein Arbeitsvertrag im Anschluss an eine erfolgreich abgeschlossene betriebliche Aus oder Weiterbildung vorliegt und dass diese Aus- oder Weiterbildung mit einem Ausbildungszuschuss für schwerbehinderte Menschen gefördert wurde.",§ 73 Sozialgesetzbuch Drittes Buch (SGB III)<>https://www.gesetze-im-internet.de/sgb_3/__73.html || § 16 Sozialgesetzbuch Zweites Buch (SGB II)<>https://www.gesetze-im-internet.de/sgb_2/__16.html
Rentenabfindung für hinterbliebene Ehepartnerinnen oder Ehepartner aus der gesetzlichen Unfallversicherung bei Wiederheirat beantragen,Als hinterbliebene Person erhalten Sie bei einer erneuten Heirat oder Neubegründung einer Lebenspartnerschaft anstelle der Rente eine Abfindung aus der gesetzlichen Unfallversicherung.,B100019.LB.102799525,000000000000,Sie müssen einen Anspruch auf Hinterbliebenenleistung aus der gesetzlichen Unfallversicherung haben. Sie haben wiedergeheiratet oder eine neue Lebenspartnerschaft nach dem Lebenspartnerschaftsgesetz begründet.,§ 80 Sozialgesetzbuch Siebtes Buch (SGB VII)<>https://www.gesetze-im-internet.de/sgb_7/__80.html
Darlehen oder Bedarfszuschuss für die Ausbildung beantragen,"Wenn Sie sich während Ihrer Ausbildung in einer finanziellen Notsituation befinden, können Sie unter bestimmten Voraussetzungen ein Darlehen oder einen Zuschuss vom Jobcenter erhalten.",B100019.LB.102716303,000000000000,"Wenn Sie sich zum Beginn oder während Ihrer Ausbildung in einer finanziellen Notsituation befinden, können Sie Leistungen für Auszubildende beantragen. Dabei gilt: Allgemein  Sie haben als Auszubildender oder Auszubildende keinen Anspruch auf Sozialleistungen wie Bürgergeld und Sie befinden sich in einer finanziellen Notsituation und Sie können für Ihren Lebensunterhalt nicht selbst aufkommen.  In der Regel können von den genannten Leistungen profitieren:    Studierende, die nicht bei ihren Eltern wohnen Auszubildende, die die gesetzliche BAföG-Altersgrenze erreicht haben Auszubildende in einer beruflichen Ausbildung oder einer berufsvorbereitenden Bildungsmaßnahme, die mit Vollverpflegung untergebracht sind  in einem Internat oder in einem Wohnheim.     Auszubildende mit Behinderungen, die einen Anspruch auf Ausbildungsgeld beispielsweise während einer beruflichen Ausbildung, einer berufsvorbereitenden Bildungsmaßnahme oder einer Grundausbildung haben und die untergebracht sind  in einem Internat, in einem Wohnheim oder in einer besonderen Einrichtung für Menschen mit Behinderungen,    wenn die Kosten für die Unterbringung und Verpflegung von der Agentur für Arbeit oder einem anderen Leistungsträger übernommen werden. Darlehen allgemein  Ohne ein Darlehen würde der Start Ihrer Ausbildung oder dessen erfolgreicher Abschluss aus finanziellen Gründen gefährdet.  Härtefalldarlehen  Sie sind nicht in der Lage, durch einen Nebenjob zuzuverdienen, zum Beispiel weil  Sie alleinerziehend sind oder Sie eine Behinderung haben oder Sie einen Angehörigen pflegen oder es Ihr Aufenthaltstitel in Deutschland nicht erlaubt.   Sie können als Härtefall eingestuft werden, wenn außergewöhnliche, schwerwiegende Umstände Ihre Ausbildung gefährden und/oder Sie in eine existenzbedrohende Notsituation geraten.  Härtefallzuschuss  Sie sind mindestens 45 Jahre alt und können daher altersbedingt kein BAföG mehr erhalten und Sie befinden sich in einer schulischen Ausbildung, ohne deren Abschluss Ihre berufliche Eingliederung schwer gefährdet ist, studieren aber nicht. Sie können als Härtefall eingestuft werden, wenn außergewöhnliche, schwerwiegende Umstände Ihre Ausbildung gefährden und/oder Sie in eine existenzbedrohende Notsituation geraten.","§ 27 Zweites Buch Sozialgesetzbuch (SGB II)<>https://www.gesetze-im-internet.de/sgb_2/__27.html || § 7 Absatz 5 und 6 Zweites Buch Sozialgesetzbuch (SGB II)<>https://www.gesetze-im-internet.de/sgb_2/__7.html || § 21 Absatz 2, 3, 5 und 6 Zweites Buch Sozialgesetzbuch (SGB II)<>https://www.gesetze-im-internet.de/sgb_2/__21.html || § 24 Absatz 3 Nummer 2 und Absatz 4 Zweites Buch Sozialgesetzbuch (SGB II)<>https://www.gesetze-im-internet.de/sgb_2/__24.html"
Bürgergeld beantragen,"Wenn Sie nicht genügend Geld zur Verfügung haben, um Ihren notwendigen Lebensunterhalt selbst zu finanzieren, dann können Sie Bürgergeld beantragen.",B100019.LB.106311931,000000000000,"Sie sind erwerbsfähig. Das heißt, dass Sie  mindestens 3 Stunden täglich arbeiten können und mindestens 15 Jahre alt sind und die Altersgrenze der gesetzlichen Rentenversicherung noch nicht erreicht haben. Wenn Sie nach 1963 geboren sind, liegt diese bei 67 Jahren. Sind Sie vor 1964 geboren, können Sie die für Sie geltende Altersgrenze in der Tabelle in § 7a Sozialgesetzbuch II (SGB II) nachschauen.   Sie sind hilfebedürftig. Das heißt, dass Sie Ihren eigenen notwendigen Lebensunterhalt und den Lebensunterhalt der mit Ihnen in einer Bedarfsgemeinschaft lebenden, nicht erwerbsfähigen Angehörigen weder aus eigenen Mitteln (Einkommen und Vermögen) und Kräften (Einsatz der Arbeitskraft) noch mithilfe anderer beziehungsweise vorrangiger Leistungen (zum Beispiel Arbeitslosengeld, Wohngeld, Kinderzuschlag) bestreiten können. Sie haben keine vorrangigen Ansprüche gegenüber anderen Leistungsträgern (zum Beispiel Wohngeld) oder anderen Personen, wie beispielsweise gegen geschiedene Ehepartner oder den Vater oder die Mutter Ihres Kindes. Sie leben in der Bundesrepublik Deutschland.",Zweites Buch Sozialgesetzbuch (SGB II)<>https://www.gesetze-im-internet.de/sgb_2
Bildungskredit beantragen,"Wenn Sie finanzielle Unterstützung für Ihre schulische Ausbildung oder Ihr Studium brauchen, können Sie unter bestimmten Voraussetzungen einen zeitlich befristeten zinsgünstigen Bildungskredit beantragen.",B100019.LB.575549,000000000000,"Anträge auf Bildungskredite können stellen:  volljährige Studierende, Schülerinnen und Schüler maximal bis zur Vollendung des 36. Lebensjahres, deren Ausbildung schon fortgeschritten ist  Weitere Voraussetzungen:  Es werden nur Ausbildungen an Einrichtungen gefördert, die nach dem Bundesausbildungsförderungsgesetzes (BAföG) förderungsfähig sind. Eigenes Girokonto im Inland oder bei einem Studium im Ausland auch dort.  Studierende:  Als Studierender oder Studierende können Sie einen Bildungskredit erhalten, wenn Sie:  ein Bachelor-, Master- oder ein Studium mit dem Abschluss Staatsexamen oder Diplom in Vollzeit betreiben, ein Zusatz-, Ergänzungs- oder Aufbaustudium betreiben und bereits über den Abschluss eines grundständigen Studiengangs verfügen, im Rahmen Ihres Studiums ein Auslandssemester verbringen, ein Studium an einer ausländischen Hochschule verbringen, die einer inländischen gleichwertig ist, oder ein Praktikum im In- oder Ausland absolvieren (auch außerhalb Europas) bei einem grundständigen Studium, bspw. beim Bachelorstudium, die Zwischenprüfung bestanden haben    Hinweis: Sieht Ihre Studienordnung keine Zwischenprüfung vor, müssen Sie die üblichen Leistungen der ersten beiden Studienjahre - bei Studierenden in Bachelorstudiengängen die des ersten Studienjahres - erbracht haben. Schülerinnen und Schüler:  Als Schülerin oder Schüler können Sie einen Bildungskredit erhalten, wenn sie:  eine Ausbildung in Vollzeit an einer nach dem BAföG förderungsfähigen Ausbildungsstätte durchführen, über einen berufsqualifizierenden Abschluss verfügen oder mit der zu fördernden Ausbildung einen berufsqualifizierenden Abschluss erreichen und sich im vorletzten oder letzten Jahr der Ausbildung befinden.    Hinweis: eine (dreijährige) schulische Ausbildung wird im Regelfall erst ab dem zweiten Schulbesuchsjahr gefördert.",Förderbestimmungen zur Vergabe von Bildungskrediten (gültig ab dem 01.04.2009)<>https://www.bva.bund.de/DE/Services/Buerger/Schule-Ausbildung-Studium/Bildungskredit/Kreditrueckforderung/Foerderbestimmungen/foerderbestimmungen_node.html
Teilarbeitslosengeld beantragen,"Wenn Sie nebeneinander mehrere versicherungspflichtige Beschäftigungen ausgeübt haben und eine dieser versicherungspflichtigen Beschäftigungen verlieren, können Sie Teilarbeitslosengeld beantragen.",B100019.LB.103327062,000000000000,"Sie haben Anspruch auf Teilarbeitslosengeld, wenn Sie  teilarbeitslos sind, sich elektronisch im Fachportal der Bundesagentur für Arbeit oder persönlich bei der zuständigen Agentur für Arbeit teilarbeitslos gemeldet und  die Anwartschaftszeit für Teilarbeitslosengeld erfüllt haben.   Teilarbeitslos sind Sie, wenn Sie  eine versicherungspflichtige Beschäftigung verloren haben, die Sie neben mindestens einer weiteren versicherungspflichtigen Beschäftigung ausgeübt haben, die weitere(n) versicherungspflichtige(n) Beschäftigung(en) nach wie vor ausüben, eine neue versicherungspflichtige Beschäftigung suchen, den Vermittlungsbemühungen der Agentur für Arbeit zur Verfügung stehen. Sie sind also in der Lage und bereit, eine versicherungspflichtige Beschäftigung unter arbeitsmarktüblichen Bedingungen aufzunehmen.   Eine versicherungspflichtige Beschäftigung ist eine Beschäftigung, in der Sie monatlich mehr als EUR 450,00 Brutto verdienen.  Umfasst die fortgeführte versicherungspflichtige Beschäftigung mindestens 15 Stunden pro Woche, gelten Sie als teilarbeitslos. Wenn Sie diese Beschäftigung ebenfalls verlieren, sind Sie nicht mehr teilarbeitslos und haben keinen Anspruch auf Teilarbeitslosengeld. Wenn Sie weiterhin Leistungen beziehen möchten, müssen Sie sich unverzüglich elektronisch im Fachportal der Bundesagentur für Arbeit oder persönlich arbeitslos bei Ihrer zuständigen Agentur für Arbeit melden und Arbeitslosengeld beantragen. Wenn die fortgeführte Beschäftigung weniger als 15 Stunden umfasst, sind Sie teilarbeitslos, wenn Sie eine Beschäftigung unter 15 Stunden wöchentlich suchen.  Die Teilarbeitslosmeldung muss elektronisch im Fachportal der Bundesagentur für Arbeit oder persönlich bei Ihrer zuständigen Agentur für Arbeit erfolgen. Mit der persönlichen Teilarbeitslosmeldung gilt das Teilarbeitslosengeld als beantragt.  Die Anwartschaftszeit für das Teilarbeitslosengeld haben Sie erfüllt, wenn Sie in den letzten 2 Jahren vor der Teilarbeitslosmeldung und der eingetretenen Teilarbeitslosigkeit mindestens 12 Monate nebeneinander in mehrere versicherungspflichtige Beschäftigungen ausgeübt haben. Der Anspruch auf Teilarbeitslosengeld erlischt  spätestens nach Ablauf eines Jahres seit seiner Entstehung, auch während des Leistungsbezuges oder wenn Sie die Voraussetzungen für einen Anspruch auf Arbeitslosengeld erfüllen oder wenn Sie eine Erwerbstätigkeit für mehr als 2 Wochen oder mit einer Arbeitszeit von mehr als 5 Stunden wöchentlich aufnehmen.    Anrechnung von Nebeneinkommen:  Bei einer nicht versicherungspflichtigen Erwerbstätigkeit, die Sie während des Bezuges von Teilarbeitslosengeld ausüben und die nicht zum Erlöschen des Anspruchs führt, wird geprüft, ob und in welchem Umfang das Nebeneinkommen auf das Teilarbeitslosengeld anzurechnen ist.  Das Einkommen aus einer fortgeführten versicherungspflichtigen Beschäftigung ist kein Nebeneinkommen und wird deshalb nicht angerechnet.",§ 162 Sozialgesetzbuch Drittes Buch (SGB III)<>https://www.gesetze-im-internet.de/sgb_3/__162.html || §§ 136 bis 161 Sozialgesetzbuch Drittes Buch (SGB III)<>https://www.gesetze-im-internet.de/sgb_3/
Übergangsgeld für Menschen mit Behinderungen beantragen,"Als Mensch mit Behinderungen können Sie zur Sicherung des Lebensunterhaltes Übergangsgeld erhalten, wenn Sie an bestimmten Bildungsmaßnahmen teilnehmen.",B100019.LB.102716305,000000000000,"Sie haben im Regelfall Anspruch auf Übergangsgeld, wenn folgende Bedingungen auf Sie zutreffen:  Sie haben eine Behinderung und benötigen deshalb eine besondere Unterstützung bei der Eingliederung in das Berufsleben. Die Bundesagentur für Arbeit ist Ihr zuständiger Rehabilitationsträger. Sie werden an einer der folgenden Maßnahmen teilnehmen:  Berufsausbildung, Berufsvorbereitung einschließlich einer erforderlichen Grundausbildung, individuelle betriebliche Qualifizierung im Rahmen der ""Unterstützten Beschäftigung"", Maßnahme im Eingangsverfahren oder Berufsbildungsbereich einer Werkstatt für behinderte Menschen oder bei einem anderen Leistungsanbieter oder berufliche Weiterbildung.   Für den Zeitraum der letzten 3 Jahre (Vorbeschäftigungszeit) trifft auf Sie eine der folgenden Voraussetzungen zu:  Sie waren mindestens 12 Monate sozialversichert. Sie haben Anspruch auf Arbeitslosengeld nach dem SGB III und dieses aktuell beantragt. Ihnen steht Arbeitslosenbeihilfe nach dem Soldatenversorgungsgesetz (SVG) zu.    Es gibt folgende Ausnahmen:  Sind Sie ein Berufsrückkehrer oder eine Berufsrückkehrerin mit Behinderungen, entfällt für Sie die Eingrenzung der Vorbeschäftigungszeit auf 3 Jahre.   Die Bedingungen der Vorbeschäftigungszeit können ganz entfallen, wenn Sie innerhalb des letzten Jahres vor Maßnahmebeginn  einen Ausbildungsabschluss an einer berufsbildenden Schule oder einer sonstigen Berufsbildungseinrichtung erworben haben und diese Ausbildung der Berufsausbildung in einem anerkannten Ausbildungsberuf entspricht oder ein Prüfungszeugnis erlangt haben, das dem Abschlusszeugnis einer Berufsausbildung in einem anerkannten Ausbildungsberuf gleichgestellt wurde.",§§ 66 bis 72 Sozialgesetzbuch Neuntes Buch (SGB IX)<>https://www.gesetze-im-internet.de/sgb_9/index.html || §§ 118 bis 121 Sozialgesetzbuch Drittes Buch (SGB III)<>https://www.gesetze-im-internet.de/sgb_3/index.html
Leistungen zur Eingliederung von Selbständigen beantragen,"Wenn Sie Arbeitslosengeld II bekommen und sich selbständig machen möchten oder bereits selbständig sind, kann Ihr Jobcenter Sie bei notwendigen Anschaffungen von Sachgütern und durch kostenfreie Beratungen und Schulungen unterstützen.",B100019.LB.102713862,000000000000,"Um die Leistungen bekommen zu können, müssen folgende Voraussetzungen gegeben sein:  Sie beziehen Arbeitslosengeld II (Hartz IV). Sie wollen sich selbständig machen oder sind bereits selbständig tätig, das bedeutet  Sie arbeiten im eigenen Namen und auf eigene Rechnung und Sie tragen das wirtschaftliche Risiko ihrer Tätigkeit (Unternehmerrisiko).   Die Selbständigkeit muss Ihr Hauptberuf sein, das bedeutet  Sie arbeiten mindestens 15 Stunden pro Woche selbständig und Sie können innerhalb eines angemessenen Zeitraums Ihren Lebensunterhalt ganz oder zu einem erheblichen Teil mit Ihren erzielten Einnahmen bestreiten.   Sie müssen persönlich geeignet sein, eine selbständige Tätigkeit erfolgreich auszuüben. Dafür müssen Sie nachweisen, dass Sie über die Kenntnisse und Fähigkeiten verfügen, die Sie für die Selbständigkeit benötigen, zum Beispiel durch  Nachweise Ihrer fachlichen und unternehmerischen Qualifikation, Berufserfahrung oder die Teilnahme an Maßnahmen, die Sie auf die Existenzgründung vorbereiten.   Ihre selbständige Tätigkeit muss wirtschaftlich tragfähig sein, das bedeutet  Ihr Geschäftsmodell muss so ausgearbeitet und durchdacht sein, dass Ihre Existenzgründung langfristig erfolgreich sein kann Die Tragfähigkeit Ihrer selbständigen Tätigkeit ist durch eine fachkundige Stellungnahme zu belegen. Fachkundige Stellen können Kammern, Fachverbände oder Gründerinitiativen sein. Ihr Jobcenter benennt Ihnen die für Sie zuständige fachkundige Stelle in Ihrer Region. Üblicherweise müssen Sie dort detaillierte Unterlagen vorlegen (s. Punkt ""erforderliche Unterlagen"" oben).   Die Sachgüter, die Sie anschaffen möchten, müssen angemessen und notwendig für Ihre Arbeit sein. Andere Finanzierungsquellen scheiden aus, zum Beispiel spezielle Bundes- und Landesprogramme, lokale Wirtschaftsförderung oder Mikrokredite Die Förderung muss dem EU-Beihilferecht (De-minimis-Regelung) entsprechen.",§ 16c Sozialgesetzbuch Zweites Buch (SGB II)<>https://www.gesetze-im-internet.de/sgb_2/__16c.html
Rente von der gesetzlichen Unfallversicherung erhalten,"Wenn Sie nach einem Arbeitsunfall oder wegen einer Berufskrankheit in Ihrer Erwerbsfähigkeit gemindert sind, erhalten Sie von der gesetzlichen Unfallversicherung eine Rente.",B100019.LB.582404,000000000000,"Wenn Sie gesetzlich unfallversichert sind, haben Sie unter folgenden Voraussetzungen Anspruch auf Rente:  Ihre Erwerbsfähigkeit ist gemindert:  infolge eines oder mehrerer Versicherungsfälle, über die 26. Woche nach dem Versicherungsfall hinaus, um mindestens 20 Prozent.",§ 56 Sozialgesetzbuch Siebtes Buch (SGB VII)<>https://www.gesetze-im-internet.de/sgb_7/__56.html
Krankengeld für Selbstständige in der gesetzlichen Krankenversicherung beantragen,"Auch wenn Sie selbstständig sind, können Sie sich wie versicherungspflichtige Arbeitnehmende zum allgemeinen Beitragssatzmit gesetzlichem Krankengeldanspruch ab der 7. Woche versichern. Dafür müssen Sie eine Wahlerklärung gegenüber Ihrer Krankenkasse abgeben.",B100019.LB.103574931,000000000000,"Die Wahlerklärung gilt nur für einen zukünftig eintretenden Krankheitsfall.  Sind Sie zum Zeitpunkt der Antragsabgabe arbeitsunfähig oder tritt die Arbeitsunfähigkeit zwischen dem Tag der Abgabe und des Wirksamwerdens des Antrags ein, wirkt der Antrag ab dem Tag, an dem Sie wieder arbeitsfähig sind.",§ 44 Absatz 2 Satz 1 Nummer 2 Fünftes Buch Sozialgesetzbuch (SGB V)<>https://www.gesetze-im-internet.de/sgb_5/__44.html || § 46 Satz 4 Fünftes Buch Sozialgesetzbuch (SGB V)<>https://www.gesetze-im-internet.de/sgb_5/__46.html
Kostenübernahme bei Teilnahme an einer Arbeitserprobung oder Abklärung der beruflichen Eignung bekommen,"Damit Menschen mit Behinderungen Unterstützung bei der Arbeitsmarkt-Eingliederung bekommen können, muss unter Umständen vorab ihre berufliche Eignung festgestellt oder eine Arbeitserprobung durchgeführt werden. Die Agentur für Arbeit übernimmt die individuellen Teilnahmekosten.",B100019.LB.102730344,000000000000,"Sie haben eine Behinderung und Ihr zuständiger Rehabilitationsträger ist die Bundesagentur für Arbeit. Damit Sie die oben beschriebenen Leistungen bei Arbeitserprobung/Abklärung der beruflichen Eignung erhalten können, müssen Sie mit Ihrer Beraterin/Ihrem Berater die Teilnahme an einer durch die Agentur für Arbeit geförderten Diagnosemaßnahme vereinbart haben.",§ 49 Absatz 4 Satz 2 Sozialgesetzbuch Neuntes Buch (SGB IX)<>https://www.gesetze-im-internet.de/sgb_9_2018/__49.html || § 112 Absatz 2 Satz 2 Sozialgesetzbuch Drittes Buch (SGB III)<>https://www.gesetze-im-internet.de/sgb_3/__112.html
Freiwillige Weiterversicherung in der Arbeitslosenversicherung beantragen,"Wenn Sie nicht mehr in der Arbeitslosenversicherung pflichtversichert sind, können Sie sich unter bestimmten Voraussetzungen auf freiwilliger Basis weiterversichern.",B100019.LB.645831,000000000000,"Sie waren innerhalb der letzten 30 Monate vor Aufnahme der Tätigkeit/Auslandsbeschäftigung beziehungsweise dem Beginn der Elternzeit/der beruflichen Weiterbildung mindestens 12 Monate in der Sozialversicherung pflichtversichert, zum Beispiel als Arbeitnehmer/in oder als Auszubildende/r oder Sie hatten unmittelbar vor Aufnahme der Tätigkeit/Auslandsbeschäftigung beziehungsweise dem Beginn der Elternzeit/der beruflichen Weiterbildung einen Anspruch auf eine Entgeltersatzleistung nach dem Dritten Sozialgesetzbuch (SGB III), zum Beispiel Arbeitslosengeld, nicht aber Arbeitslosengeld II/Hartz IV und Sie sind weder versicherungspflichtig noch versicherungsfrei in der Arbeitslosenversicherung. Das Versicherungspflichtverhältnis ist ausgeschlossen, wenn Sie als Selbstständige/r bereits versicherungspflichtig waren, Ihre selbständige Tätigkeit zweimal unterbrochen und in den Unterbrechungszeiträumen einen Anspruch auf Arbeitslosengeld geltend gemacht haben.",§ 28a Drittes Buch Sozialgesetzbuch (SGB III)<>https://www.gesetze-im-internet.de/sgb_3/__28a.html
Kinderzuschlag beantragen,"Wenn Sie als Eltern genug Einkommen für sich selbst verdienen, aber das Einkommen nicht oder nur knapp für die gesamte Familie reicht, können Sie den Kinderzuschlag beantragen.",B100019.LB.581863,000000000000,"Um einen Kinderzuschlag zu bekommen, müssen folgende Voraussetzungen erfüllt sein:  Ihr Kind/Ihre Kinder ist/sind jünger als 25 Jahre, nicht verheiratet oder verpartnert und lebt/leben in Ihrem Haushalt. Sie beziehen für Ihr Kind/Ihre Kinder Kindergeld oder eine vergleichbare Leistung zum Beispiel aus dem Ausland. Sie verfügen  als Paar gemeinsam über ein Bruttoeinkommen von mindestens 900,00 EUR im Monat (ohne Wohngeld, Kindergeld und Kinderzuschlag) oder als alleinerziehende Person über mindestens 600,00 EUR im Monat.   Ihr Einkommen, das auf den Kinderzuschlag angerechnet wird, ist nicht so hoch, dass sich der Kinderzuschlag auf null reduziert. Sie verfügen über kein erhebliches Vermögen. Den Kinderzuschlag können Sie in der Regel erhalten, wenn Sie mit Ihrem Einkommen, dem Kindergeld, dem eventuell zustehendem Wohngeld und dem Kinderzuschlag den Bedarf der ganzen Familie im Sinne des SGB II decken können. Kinderzuschlag ist nachrangig gegenüber anderen möglichen Einkünften des Kindes; gegebenenfalls besteht die Verpflichtung, sich um vorrangige Ansprüche wie Unterhalt oder Unterhaltsvorschuss zu bemühen.",§ 6a Bundeskindergeldgesetz (BKGG)<>https://www.gesetze-im-internet.de/bkgg_1996/__6a.html
Berufsausbildungsbeihilfe beantragen,"Wenn Sie während Ihrer Ausbildung nicht bei Ihren Eltern wohnen, können Sie Berufsausbildungsbeihilfe beantragen, um so Ihre Lebenshaltungskosten zu decken.",B100019.LB.574724,000000000000,"Damit Sie die Berufsausbildungsbeihilfe bekommen können, müssen Sie und Ihre Berufsausbildung förderfähig sein. Förderungsberechtigter Personenkreis:  Sie wohnen während der Ausbildung nicht bei Ihren Eltern und der Ausbildungsbetrieb ist vom Elternhaus zu weit entfernt oder Sie  sind mindestens 18 Jahre alt oder sind oder waren verheiratet oder haben mindestens ein Kind, das bei Ihnen wohnt.   Auch wenn Sie nicht Deutscher sind, haben Sie grundsätzlich einen Anspruch auf Berufsausbildungsbeihilfe, es sei denn  Sie haben eine Aufenthaltsgestattung nach dem Asylgesetz. Sie sind geduldet und halten sich seit weniger als 15 Monaten ununterbrochen erlaubt, gestattet oder geduldet in Deutschland auf.   Sie können nicht die erforderlichen Mittel aufbringen, um folgende Kosten zu decken:  Kosten für den Lebensunterhalt Fahrtkosten zwischen Unterkunft und Ausbildungsstätte oder Berufsschule Familienheimfahrten Arbeitskleidung Kinderbetreuungskosten    Förderungsfähige Berufsausbildung:  Es ist Ihre erste Berufsausbildung oder wenn es nicht Ihre erste Berufsausbildung ist: Sie können nicht auf eine andere Weise dauerhaft beruflich eingegliedert werden. Sie machen eine Berufsausbildung.  die nach dem Berufsbildungsgesetz, der Handwerksordnung oder dem Seearbeitsgesetz anerkannt ist oder eine Berufsausbildung nach Teil 2 des Pflegeberufegesetzes.   Sie schließen einen Berufsausbildungsvertrag ab.  Wenn Sie eine Behinderung haben, können Sie Berufsausbildungsbeihilfe auch bekommen, wenn  Sie eine Berufsausbildung machen, die abweichend von den Ausbildungsordnungen für staatlich anerkannte Ausbildungsberufe oder in Sonderformen für behinderte Menschen durchgeführt wird, Sie Ihre Ausbildung verlängern müssen, Sie die Ausbildung aufgrund Ihrer Behinderung ganz oder teilweise wiederholen und eine dauerhafte Teilhabe am Arbeitsleben sonst nicht möglich wäre oder Sie im Haushalt der Eltern oder eines Elternteils wohnen.  Zusätzliche Voraussetzung bei berufsvorbereitenden Bildungsmaßnahmen:  Die berufsvorbereitende Bildungsmaßnahme wird im Auftrag der Agentur für Arbeit durchgeführt  Eine Ausbildung oder berufsvorbereitende Bildungsmaßnahme im Ausland ist wie folgt förderfähig:  bei teilweiser Ausbildung im Ausland, wenn  der Teil der Ausbildung im Ausland nicht länger als 1 Jahr dauert und der Teil der Ausbildung im Ausland im Hinblick auf die Gesamtdauer der Ausbildung als angemessen erscheint   bei vollständiger Ausbildung im Ausland,  wenn die Ausbildung im Ausland dem Berufsziel des Antragstellers besonders dienlich ist und amtlich bestätigt wird, dass die Ausbildung im Ausland einer betrieblichen Ausbildung in Deutschland gleichgestellt ist   bei teilweise im Ausland stattfindender berufsvorbereitender Bildungsmaßname, wenn  der Teil im Ausland die Hälfte der vorgesehenen Förderdauer nicht übersteigt und der Teil im Ausland im Hinblick auf die Gesamtdauer der Maßnahme als angemessen erscheint.",§§ 56 bis 72 Sozialgesetzbuch Drittes Buch (SGB III)<>https://www.gesetze-im-internet.de/sgb_3/index.html#BJNR059500997BJNE019509126
Eingliederungszuschuss beim Jobcenter beantragen,"Wenn Sie in Ihrem Unternehmen Menschen einstellen, die zu Beginn der Beschäftigung noch nicht die volle Arbeitsleistung erbringen, können Sie Zuschüsse zu den Lohnkosten beantragen.",B100019.LB.102730318,000000000000,"Sie wollen eine schwer in den Arbeitsmarkt zu vermittelnde Person beschäftigen. Bei der Arbeitnehmerin oder dem Arbeitnehmer ist anfänglich eine geringere Leistung als üblich zu erwarten. Der finanzielle Ausgleich durch den Eingliederungszuschuss ist notwendig, um die Arbeitnehmerin oder den Arbeitnehmer dauerhaft beruflich einzugliedern.",§ 16 Absatz 2 Nummer 5 Sozialgesetzbuch Zweites Buch (SGB II)<>https://www.gesetze-im-internet.de/sgb_2/__16.html || §§ 88 bis 92 Sozialgesetzbuch Drittes Buch (SGB III)<>https://www.gesetze-im-internet.de/sgb_3/__88.html
Arbeitslosengeld II beantragen,"Wenn Sie nicht genügend Geld zur Verfügung haben, um Ihren notwendigen Lebensunterhalt selbst zu finanzieren, dann können Sie Arbeitslosengeld II beantragen.",B100019.LB.581734,000000000000,"Sie sind erwerbsfähig. Das heißt, dass Sie  mindestens 3 Stunden täglich arbeiten können und mindestens 15 Jahre alt sind und die Altersgrenze der gesetzlichen Rentenversicherung noch nicht erreicht haben. Wenn Sie nach 1963 geboren sind, liegt diese bei 67 Jahren. Sind Sie vor 1964 geboren, können Sie die für Sie geltende Altersgrenze in der Tabelle in § 7a SGB II nachschauen.   Sie sind hilfebedürftig. Das heißt, dass Sie Ihren Lebensunterhalt und den Unterhalt Ihrer Bedarfsgemeinschaft nicht aus eigenen Mitteln und Kräften der Bedarfsgemeinschaft vollständig alleine decken können. Sie haben keine vorrangigen Ansprüche gegenüber anderen Leistungsträgern oder anderen Personen, wie beispielsweise gegen geschiedene Ehepartner oder den Vater oder die Mutter Ihres Kindes. Sie leben in der Bundesrepublik Deutschland.",Zweites Buch Sozialgesetzbuch (SGB II)<>https://www.gesetze-im-internet.de/sgb_2/BJNR295500003.html#BJNR295500003BJNG000502308
Insolvenzgeld beantragen,"Ist Ihr Arbeitgeber zahlungsunfähig und kann Ihren Lohn nicht mehr bezahlen, können Sie Insolvenzgeld beantragen.",B100019.LB.576848,000000000000,"Damit Sie Insolvenzgeld bekommen können, müssen bestimmte Voraussetzungen erfüllt sein:   Es liegt ein Insolvenzereignis vor, wenn   Eröffnung eines Insolvenzverfahrens über das Vermögen Ihres Arbeitgebers oder Insolvenzantrag wird mangels Masse abgewiesen oder Betriebstätigkeit wird bei offensichtlicher Masselosigkeit vollständig eingestellt.   Vor dem Insolvenzereignis wurde Ihnen bis zu 3 Monate lang kein Arbeitsentgelt gezahlt. Als Arbeitnehmerin oder Arbeitnehmer sind Sie  innerhalb Deutschlands beschäftigt oder vorübergehend ins Ausland unter Beibehaltung der Sozialversicherungspflicht in Deutschland entsandt worden.    Sie müssen durch Bescheid der Clearingstelle der Deutschen Rentenversicherung (Statusfeststellungsverfahren) nachweisen, dass Sie rechtlich als Arbeitnehmerin oder Arbeitnehmer gelten, wenn Sie beispielsweise  geschäftsführender Gesellschafter,  Gesellschafterin oder Gesellschafter einer GmbH oder Angehörige beziehungsweise Angehöriger des Arbeitgebers sind.    Weitere Informationen finden Sie auf der Internetseite der Bundesagentur für Arbeit.",§§ 165 bis 172 Sozialgesetzbuch Drittes Buch (SGB III)<>https://www.gesetze-im-internet.de/sgb_3/__165.html || § 175 Sozialgesetzbuch Drittes Buch (SGB III)<>https://www.gesetze-im-internet.de/sgb_3/__175.html || § 314 Sozialgesetzbuch Drittes Buch (SGB III)<>https://www.gesetze-im-internet.de/sgb_3/__314.html || § 316 Sozialgesetzbuch Drittes Buch (SGB III)<>https://www.gesetze-im-internet.de/sgb_3/__316.html || §§ 323 bis 324 Sozialgesetzbuch Drittes Buch (SGB III)<>https://www.gesetze-im-internet.de/sgb_3/__323.html || § 327 Sozialgesetzbuch Drittes Buch (SGB III)<>https://www.gesetze-im-internet.de/sgb_3/__327.html
Einmalige Leistungen beantragen,"Umzug, Schwangerschaft, Geburt: Wenn Ihnen für bestimmte Situationen in Ihrem Leben das Geld fehlt, können Sie einmalige Leistungen beantragen.",B100019.LB.102713899,000000000000,"Wenn Sie erwerbsfähig sind und Ihren Lebensunterhalt momentan und auch in den nächsten 6 Monaten wahrscheinlich nicht finanziell decken können, können Sie Bürgergeld für einmalige Leistungen als Geldleistung oder Sachleistung (Gutschein) beantragen. Die einmalige Leistung muss zudem notwendig sein. Die Leistung ist dann ausschließlich für das Beantragte zu verwenden, also für  die Erstausstattung der Wohnung, die Erstausstattung für Bekleidung und Erstausstattung bei Schwangerschaft und Geburt, die Anschaffung und Reparaturen von orthopädischen Schuhen, die Reparaturen von therapeutischen Geräten und Ausrüstungen sowie die Miete von therapeutischen Geräten.",§ 24 Absatz 3 Satz 1 Sozialgesetzbuch Zweites Buch (SGB II)<>https://www.gesetze-im-internet.de/sgb_2/__24.html
Kinderverletztengeld von der gesetzlichen Unfallversicherung erhalten,Ihr Kind hatte im Kindergarten oder in der Schule einen Unfall und muss deshalb von Ihnen zu Hause betreut werden? Dann können Sie unter bestimmten Voraussetzungen Kinderverletztengeld bekommen.,B100019.LB.102799515,000000000000,"Sie haben Anspruch auf Kinderverletztengeld, wenn:  Sie ein Kind Ihres Haushaltes wegen der Folgen eines Versicherungsfalls (Schul und Kindergartenunfall) beaufsichtigen, betreuen oder pflegen müssen, Ihr Kind das 12. Lebensjahr noch nicht vollendet hat, Sie vor der Beaufsichtigung, Betreuung oder Pflege Ihres Kindes einen Anspruch auf Arbeitsentgelt oder eine andere Geldleistung (zum Beispiel Krankengeld, Arbeitslosengeld) hatten und keine andere in Ihrem Haushalt lebende Person Ihr Kind betreuen kann.",§ 45 Absatz 4 Sozialgesetzbuch Siebtes Buch (SGB VII)<>https://www.gesetze-im-internet.de/sgb_7/__45.html || § 45 Sozialgesetzbuch Fünftes Buch (SGB V)<>https://www.gesetze-im-internet.de/sgb_5/__45.html
